Price,Close,High,Low,Open,Volume,Daily_Return,MA_30,MA_7
Ticker,PLTR,PLTR,PLTR,PLTR,PLTR,,,
Date,,,,,,,,
2020-09-30,9.5,11.40999984741211,9.109999656677246,10.0,338584400,,,
2020-10-01,9.460000038146973,10.100000381469727,9.229999542236328,9.6899995803833,124297600,-0.004210522300318709,,
2020-10-02,9.199999809265137,9.279999732971191,8.9399995803833,9.0600004196167,55018300,-0.027484167847082297,,
2020-10-05,9.029999732971191,9.489999771118164,8.920000076293945,9.430000305175781,36316900,-0.01847826954547782,,
2020-10-06,9.899999618530273,10.180000305175781,8.899999618530273,9.039999961853027,90864000,0.09634550512581486,,
2020-10-07,10.0,10.489999771118164,9.989999771118164,10.039999961853027,54672400,0.010101049022522401,,
2020-10-08,10.0,10.399999618530273,9.989999771118164,10.289999961853027,34989200,0.0,,9.584285599844796
2020-10-09,9.949999809265137,10.1899995803833,9.890000343322754,10.130000114440918,19653500,-0.00500001907348635,,9.648571286882673
2020-10-12,9.890000343322754,10.050000190734863,9.65999984741211,10.039999961853027,20623600,-0.0060300971952294,,9.709999901907784
2020-10-13,9.470000267028809,9.880000114440918,9.40999984741211,9.880000114440918,21847200,-0.042467144763802644,,9.748571395874023
2020-10-14,9.34000015258789,9.65999984741211,9.289999961853027,9.600000381469727,13652600,-0.013727572415550227,,9.79285717010498
2020-10-15,9.90999984741211,9.90999984741211,9.180000305175781,9.270000457763672,12924100,0.06102780358802096,,9.794285774230957
2020-10-16,9.710000038146973,9.949999809265137,9.65999984741211,9.9399995803833,11142500,-0.020181615776448725,,9.752857208251953
2020-10-19,9.569999694824219,9.819999694824219,9.529999732971191,9.789999961853027,9126400,-0.014418160944669856,,9.691428593226842
2020-10-20,9.270000457763672,9.65999984741211,9.270000457763672,9.600000381469727,11138200,-0.03134788366010055,,9.594285828726631
2020-10-21,9.199999809265137,9.479999542236328,9.199999809265137,9.300000190734863,9190000,-0.007551310144748635,,9.49571432386126
2020-10-22,9.680000305175781,9.75,9.220000267028809,9.369999885559082,17928600,0.05217396802848251,,9.525714329310826
2020-10-23,9.489999771118164,9.829999923706055,9.470000267028809,9.710000038146973,12618000,-0.019628153725989694,,9.547142846243721
2020-10-26,9.949999809265137,9.970000267028809,9.600000381469727,9.720000267028809,23767300,0.04847208105809808,,9.55285712650844
2020-10-27,10.949999809265137,11.039999961853027,9.920000076293945,10.0,53695900,0.1005025144893803,,9.729999950953893
2020-10-28,10.850000381469727,10.984999656677246,10.100000381469727,10.65999984741211,30941700,-0.009132367994271307,,9.912857191903251
2020-10-29,10.75,11.100000381469727,10.5600004196167,10.899999618530273,20515700,-0.009216624696208542,,10.124285697937012
2020-10-30,10.130000114440918,10.680000305175781,9.850000381469727,10.609999656677246,19705500,-0.057674407958984375,,10.257142884390694
2020-11-02,10.539999961853027,10.569999694824219,10.229999542236328,10.229999542236328,11677800,0.04047382455876081,,10.37999997820173
2020-11-03,10.5,10.9399995803833,10.4399995803833,10.569999694824219,21652800,-0.003795062808140126,,10.52428572518485
2020-11-04,10.720000267028809,10.920000076293945,10.550000190734863,10.819999694824219,15783400,0.02095240638369611,,10.634285790579659
2020-11-05,11.880000114440918,12.130000114440918,10.850000381469727,10.899999618530273,48560400,0.1082089382945155,,10.767142977033343
2020-11-06,13.829999923706055,14.960000038146973,12.050000190734863,12.220000267028809,89977600,0.16414139650510484,,11.192857197352819
2020-11-09,14.670000076293945,15.899999618530273,14.109999656677246,14.960000038146973,60099000,0.0607375384831379,,11.752857208251953
2020-11-10,14.0,15.010000228881836,13.180000305175781,14.989999771118164,38078700,-0.04567144327263062,10.378000005086262,12.305714334760394
2020-11-11,15.960000038146973,15.970000267028809,14.399999618530273,14.569999694824219,47027900,0.14000000272478386,10.593333339691162,13.080000059945244
2020-11-12,14.579999923706055,17.059999465942383,14.40999984741211,16.65999984741211,97904000,-0.08646617237734933,10.764000002543131,13.662857191903251
2020-11-13,15.800000190734863,16.0,14.489999771118164,14.489999771118164,76354800,0.08367628761404688,10.98400001525879,14.388571466718401
2020-11-16,15.930000305175781,16.100000381469727,15.010000228881836,15.960000038146973,65326000,0.008227855245036553,11.214000034332276,14.967142922537667
2020-11-17,17.850000381469727,18.75,16.18000030517578,16.290000915527344,116618500,0.12052730944833212,11.47900005976359,15.541428702218193
2020-11-18,17.899999618530273,19.25,17.540000915527344,18.280000686645508,89957900,0.0028010776466118603,11.742333380381266,16.002857208251953
2020-11-19,18.979999542236328,18.979999542236328,17.959999084472656,18.5,56225400,0.060335192554307415,12.04166669845581,16.714285714285715
2020-11-20,18.149999618530273,19.65999984741211,18.0,19.030000686645508,72104000,-0.04373023939537246,12.315000025431315,17.027142797197616
2020-11-23,21.040000915527344,21.450000762939453,18.56999969482422,18.6299991607666,84716300,0.15922872494424278,12.686666711171467,17.950000081743514
2020-11-24,23.81999969482422,24.270000457763672,20.6299991607666,22.350000381469727,115468800,0.1321292137989052,13.165000025431315,19.09571429661342
2020-11-25,29.049999237060547,29.75,23.690000534057617,23.959999084472656,202563700,0.21956337570284434,13.821999994913737,20.969999858311244
2020-11-27,27.65999984741211,33.5,26.1200008392334,31.190000534057617,207834000,-0.047848517251427136,14.413666661580404,22.37142835344587
2020-11-30,27.110000610351562,30.149999618530273,24.110000610351562,28.239999771118164,137243000,-0.01988428199908343,14.99366668065389,23.687142780848912
2020-12-01,25.670000076293945,28.139999389648438,24.450000762939453,28.09000015258789,84050000,-0.05311694952554791,15.530333360036215,24.642857142857142
2020-12-02,22.510000228881836,23.399999618530273,21.149999618530273,22.239999771118164,149062100,-0.12310088967745447,15.971666685740153,25.265714372907365
2020-12-03,24.030000686645508,25.6200008392334,23.5,23.549999237060547,85634300,0.06752556385199004,16.466000048319497,25.69285719735282
2020-12-04,23.850000381469727,25.239999771118164,23.510000228881836,24.8799991607666,56044100,-0.007490649189861087,16.938333384195964,25.69714300973075
2020-12-07,28.940000534057617,29.0,24.440000534057617,24.440000534057617,118463700,0.21341719375998713,17.586666742960613,25.681428909301758
2020-12-08,28.59000015258789,31.239999771118164,27.25,30.6299991607666,124754300,-0.012094000518688142,18.208000087738036,25.814286095755442
2020-12-09,26.6299991607666,28.850000381469727,25.329999923706055,28.68000030517578,79634700,-0.0685554732899809,18.730666732788087,25.745714460100448
2020-12-10,27.040000915527344,28.040000915527344,25.149999618530273,25.541000366210938,57774800,0.015396236112721562,19.270333417256673,25.941428865705216
2020-12-11,27.200000762939453,28.270000457763672,26.059999465942383,27.149999618530273,52764400,0.005917153919925866,19.81866677602132,26.61142894199916
2020-12-14,27.239999771118164,28.260000228881836,26.729999542236328,28.260000228881836,44734500,0.0014705517300281912,20.389000097910564,27.07000023978097
2020-12-15,26.43000030517578,27.100000381469727,25.520000457763672,26.81999969482422,49273200,-0.029735663463595352,20.918666776021322,27.438571657453263
2020-12-16,25.920000076293945,26.15999984741211,25.110000610351562,25.709999084472656,44013400,-0.019296262693646815,21.432666778564453,27.007143020629883
2020-12-17,27.229999542236328,27.450000762939453,26.049999237060547,26.520000457763672,53829800,0.05054010270395359,21.983000087738038,26.812857219151088
2020-12-18,25.969999313354492,26.850000381469727,25.799999237060547,26.270000457763672,71042900,-0.04627250275665462,22.45266672770182,26.718571526663645
2020-12-21,28.510000228881836,28.700000762939453,25.399999618530273,26.190000534057617,76729100,0.09780519763900042,22.942000071207683,26.928571428571427
2020-12-22,28.040000915527344,29.420000076293945,26.81999969482422,29.030000686645508,66033100,-0.01648541948724236,23.387666765848795,27.0485714503697
2020-12-23,28.690000534057617,29.389999389648438,28.049999237060547,28.950000762939453,58772200,0.0231811553961232,23.877333450317384,27.255714416503906
2020-12-24,27.75,29.15999984741211,27.520000457763672,28.79800033569336,26306800,-0.03276404728336457,24.27033344904582,27.444285801478795
2020-12-28,25.6299991607666,28.59000015258789,25.399999618530273,28.389999389648438,55878700,-0.07639642663904134,24.638666756947835,27.402857099260604
2020-12-29,24.65999984741211,26.18199920654297,24.34000015258789,25.75,47302400,-0.03784624834632566,24.934000078837077,27.035714285714285
2020-12-30,25.100000381469727,25.90999984741211,24.6299991607666,24.969999313354492,34586700,0.01784268194566896,25.239666748046876,26.911428724016464
2020-12-31,23.549999237060547,24.719999313354492,23.520000457763672,24.6299991607666,39922500,-0.06175303270327759,25.4296667098999,26.202857153756277
2021-01-04,23.3700008392334,24.5,22.5,23.90999984741211,44970400,-0.007643244316708375,25.61200008392334,25.535714285714285
2021-01-05,24.600000381469727,24.670000076293945,22.889999389648438,23.18000030517578,29050400,0.05263155746966919,25.79933344523112,24.9514285496303
2021-01-06,23.540000915527344,24.459999084472656,23.25,24.1200008392334,32732900,-0.04308940851646659,25.979000155131022,24.35000010899135
2021-01-07,25.0,25.190000534057617,23.670000076293945,24.020000457763672,32240000,0.062022048754875714,26.111000124613444,24.260000228881836
2021-01-08,25.200000762939453,26.440000534057617,24.700000762939453,25.700000762939453,41313800,0.008000030517578027,26.157000160217287,24.337143216814315
2021-01-11,25.93000030517578,26.600000381469727,24.309999465942383,24.610000610351562,32609000,0.028968234926004754,26.053000195821127,24.455714634486608
2021-01-12,26.18000030517578,26.420000076293945,25.510000228881836,26.34000015258789,26887200,0.009641341961345695,26.003666877746582,24.831429072788783
2021-01-13,25.5,27.43000030517578,25.1299991607666,25.709999084472656,51216600,-0.025974037328080013,25.950000190734862,25.13571466718401
2021-01-14,24.920000076293945,25.6200008392334,24.3700008392334,25.450000762939453,32908000,-0.02274509504729627,25.925000190734863,25.181428909301758
2021-01-15,25.639999389648438,28.0,25.459999084472656,26.260000228881836,92285500,0.028892428216299226,26.02933349609375,25.481428691319056
2021-01-19,26.6200008392334,27.540000915527344,26.0,26.809999465942383,48675800,0.03822158630708139,26.115666834513345,25.712857382638113
2021-01-20,26.34000015258789,27.299999237060547,25.700000762939453,27.290000915527344,37459000,-0.010518432675360123,26.19866682688395,25.875714438302175
2021-01-21,25.979999542236328,26.68000030517578,25.299999237060547,26.420000076293945,29891400,-0.013667449060974723,26.100000127156576,25.882857186453684
2021-01-22,32.58000183105469,32.650001525878906,25.81999969482422,25.850000381469727,156844700,0.2540416630142188,26.233000183105467,26.797143118722097
2021-01-25,36.22999954223633,39.58000183105469,29.559999465942383,34.459999084472656,191345300,0.11203184487554352,26.553000195821127,28.330000196184432
2021-01-26,35.369998931884766,36.869998931884766,34.31999969482422,35.13999938964844,65870000,-0.02373725148268324,26.830666796366373,29.82285717555455
2021-01-27,39.0,45.0,32.25,32.970001220703125,170758800,0.10262938020173129,27.22400010426839,31.731428691319056
2021-01-28,35.65999984741211,42.0,33.099998474121094,39.540000915527344,85250700,-0.0856410295535357,27.50466677347819,33.02285712105887
2021-01-29,35.18000030517578,38.0099983215332,34.65999984741211,36.61000061035156,42030900,-0.013460447119748475,27.796333440144856,34.285714285714285
2021-02-01,33.959999084472656,35.619998931884766,32.58000183105469,35.33000183105469,43460900,-0.03467882916770848,28.064333407084145,35.42571422031948
2021-02-02,31.020000457763672,34.20000076293945,30.5,34.099998474121094,69647900,-0.08657240005796185,28.19066677093506,35.2028568812779
2021-02-03,31.760000228881836,32.95000076293945,31.3799991607666,32.38999938964844,35312000,0.0238555693165039,28.383666801452637,34.56428555079869
2021-02-04,32.04999923706055,33.18000030517578,31.049999237060547,32.58000183105469,31565000,0.009130951073325067,28.501666768391928,34.08999988010952
2021-02-05,34.04999923706055,35.20000076293945,31.75,32.61000061035156,62375300,0.062402497585314354,28.702000045776366,33.38285691397531
2021-02-08,36.04999923706055,39.220001220703125,35.88999938964844,37.220001220703125,72376000,0.05873715256425527,28.947333335876465,33.43857111249651
2021-02-09,38.16999816894531,38.255001068115234,36.130001068115234,36.900001525878906,44243200,0.05880718382111194,29.29466660817464,33.86571366446359
2021-02-10,35.70000076293945,38.2400016784668,35.0,38.150001525878906,45177200,-0.06471044077794641,29.63033332824707,34.11428533281599
2021-02-11,33.11000061035156,35.97999954223633,32.61000061035156,35.790000915527344,52094900,-0.07254902233157923,29.91200002034505,34.41285678318569
2021-02-12,31.90999984741211,33.650001525878906,31.34000015258789,33.36000061035156,60925600,-0.03624284931496746,30.13900000254313,34.43428530011858
2021-02-16,27.84000015258789,30.440000534057617,27.299999237060547,30.020000457763672,180294300,-0.12754621480057116,30.282000033060708,33.832856859479634
2021-02-17,27.079999923706055,29.729999542236328,27.0,27.989999771118164,151007000,-0.02729885864642101,30.405666669209797,32.83714267185756
2021-02-18,25.170000076293945,26.309999465942383,24.5,24.989999771118164,313175100,-0.0705317523188056,30.42466665903727,31.28285707746233
2021-02-19,29.0,29.959999084472656,26.899999618530273,27.020000457763672,320063700,0.1521652726299867,30.606666628519694,29.972857339041575
2021-02-22,28.0,30.190000534057617,27.535999298095703,29.959999084472656,183049500,-0.03448275862068961,30.706666628519695,28.872857230050222
2021-02-23,26.75,27.459999084472656,23.899999618530273,25.959999084472656,145289400,-0.044642857142857095,30.758333269755045,27.964285714285715
2021-02-24,26.389999389648438,27.229999542236328,25.75,26.709999084472656,90095700,-0.013457966742114524,30.7736665725708,27.175714220319474
2021-02-25,23.959999084472656,26.440000534057617,23.149999618530273,25.81999969482422,161776400,-0.09208034715335978,30.6996665318807,26.62142835344587
2021-02-26,23.899999618530273,24.5,22.700000762939453,24.200000762939453,119588600,-0.0025041514288398625,30.646333185831704,26.167142595563615
2021-03-01,24.809999465942383,25.899999618530273,24.6200008392334,25.190000534057617,85059900,0.03807530803082382,30.642666498819988,26.115713936941965
2021-03-02,24.479999542236328,25.59000015258789,24.260000228881836,25.0,73997000,-0.013301085482047559,30.603999837239584,25.46999958583287
2021-03-03,23.59000015258789,25.167999267578125,23.43000030517578,24.989999771118164,79046200,-0.03635618489750725,30.5029998143514,24.83999960763114
2021-03-04,24.729999542236328,25.559999465942383,23.049999237060547,24.850000381469727,161611200,0.048325535492774296,30.44933312733968,24.5514281136649
2021-03-05,23.950000762939453,24.68000030517578,20.18000030517578,24.360000610351562,173468600,-0.03154059012272592,30.381666501363117,24.202856881277903
2021-03-08,22.520000457763672,24.579999923706055,22.399999618530273,23.770000457763672,94432800,-0.05970773526607076,30.04633312225342,23.997142791748047
2021-03-09,24.260000228881836,24.739999771118164,23.100000381469727,23.3799991607666,99586500,0.07726464190715898,29.6473331451416,24.0485714503697
2021-03-10,24.75,26.239999771118164,24.270000457763672,25.030000686645508,103212800,0.02019784692890525,29.293333180745442,24.040000098092214
2021-03-11,26.729999542236328,26.84000015258789,25.579999923706055,25.950000762939453,84788700,0.07999998150449805,28.884333165486655,24.361428669520787
2021-03-12,26.920000076293945,26.920000076293945,25.18000030517578,25.739999771118164,58721900,0.007108138320668367,28.592999839782713,24.837142944335938
2021-03-15,26.790000915527344,27.469999313354492,26.309999465942383,27.350000381469727,56101500,-0.00482909213960514,28.3133331934611,25.13142885480608
2021-03-16,25.610000610351562,27.100000381469727,25.229999542236328,26.75,73615100,-0.04404629581374364,28.034999910990397,25.36857169015067
2021-03-17,25.209999084472656,25.729999542236328,24.299999237060547,24.520000457763672,77081700,-0.015618958076761058,27.841333198547364,25.752857208251953
2021-03-18,23.979999542236328,25.18000030517578,23.780000686645508,24.729999542236328,57141400,-0.04879014624772082,27.581999842325846,25.71285711015974
2021-03-19,24.31999969482422,24.56999969482422,23.389999389648438,24.010000228881836,57915900,0.014178488702180525,27.32433319091797,25.651428495134628
2021-03-22,24.219999313354492,24.920000076293945,23.860000610351562,24.889999389648438,46208100,-0.004111857842292954,26.996666526794435,25.292857033865793
2021-03-23,23.260000228881836,24.104999542236328,23.100000381469727,24.0,50169700,-0.0396366272373645,26.57033322652181,24.76999991280692
2021-03-24,21.8799991607666,23.485000610351562,21.75,23.299999237060547,69271900,-0.059329366059149624,26.02733325958252,24.068571090698242
2021-03-25,22.579999923706055,22.799999237060547,21.049999237060547,21.200000762939453,74592600,0.031992723482121344,25.58999989827474,23.635713849748885
2021-03-26,22.579999923706055,23.049999237060547,21.760000228881836,22.6299991607666,57916400,0.0,25.238999875386558,23.259999683925084
2021-03-29,21.729999542236328,22.5,21.389999389648438,22.479999542236328,57647400,-0.03764394970512541,24.899666531880698,22.93857111249651
2021-03-30,22.040000915527344,22.09000015258789,20.860000610351562,21.360000610351562,52039700,0.014266055214979145,24.706333223978678,22.612857001168386
2021-03-31,23.290000915527344,23.850000381469727,22.3799991607666,22.5,61458500,0.056715061164964276,24.579999923706055,22.48000008719308
2021-04-01,23.06999969482422,23.950000762939453,22.729999542236328,23.950000762939453,51788800,-0.009446166253967436,24.5099999109904,22.452857153756277
2021-04-05,23.440000534057617,24.450000762939453,23.34000015258789,23.780000686645508,65374300,0.016038181366617277,24.324666595458986,22.67571449279785
2021-04-06,23.270000457763672,23.610000610351562,22.829999923706055,23.549999237060547,41933500,-0.007252562816581043,24.166999944051106,22.774285997663224
2021-04-07,22.899999618530273,23.549999237060547,22.809999465942383,23.0,32766200,-0.015900336568749562,24.038666598002116,22.82000023978097
2021-04-08,23.40999984741211,23.600000381469727,22.739999771118164,23.200000762939453,35905500,0.02227075272390633,23.93933327992757,23.060000283377512
2021-04-09,24.040000915527344,24.350000381469727,23.3700008392334,23.459999084472656,54082700,0.026911622051329465,23.942000007629396,23.345714569091797
2021-04-12,23.34000015258789,24.549999237060547,22.729999542236328,24.520000457763672,68620800,-0.029118167066596312,23.923333358764648,23.352857317243302
2021-04-13,25.420000076293945,25.659000396728516,23.1200008392334,23.190000534057617,83913500,0.08911739117856987,23.943666712443033,23.688571657453263
2021-04-14,23.700000762939453,26.200000762939453,23.649999618530273,25.350000381469727,108793800,-0.06766323006263564,23.917666753133137,23.725714547293528
2021-04-15,23.149999618530273,24.059999465942383,22.690000534057617,24.010000228881836,58849300,-0.02320679859509689,23.90300006866455,23.708571570260183
2021-04-16,22.469999313354492,23.260000228881836,22.299999237060547,22.860000610351562,46627700,-0.02937366377455486,23.82766672770182,23.647142955235072
2021-04-19,21.940000534057617,22.329999923706055,21.530000686645508,22.149999618530273,45753900,-0.023586951290286984,23.76066672007243,23.437143053327286
2021-04-20,21.780000686645508,22.549999237060547,21.239999771118164,21.959999084472656,47123100,-0.007292609093775604,23.736000061035156,23.11428587777274
2021-04-21,22.6299991607666,22.639999389648438,21.43000030517578,21.649999618530273,42641400,0.039026558646633625,23.68166669209798,23.01285716465541
2021-04-22,22.860000610351562,23.510000228881836,22.510000228881836,22.940000534057617,51346400,0.010163564211867593,23.618666712443034,22.647142955235072
2021-04-23,23.40999984741211,23.549999237060547,22.739999771118164,22.889999389648438,32052800,0.024059458546623835,23.508000055948894,22.60571425301688
2021-04-26,24.110000610351562,24.260000228881836,23.459999084472656,23.690000534057617,33667600,0.029901784173520074,23.414333407084147,22.742857251848495
2021-04-27,23.8799991607666,24.260000228881836,23.56999969482422,24.170000076293945,27678300,-0.009539670002588485,23.317333348592122,22.944285801478795
2021-04-28,23.850000381469727,24.170000076293945,23.420000076293945,23.670000076293945,22068100,-0.0012562303329625157,23.258666674296062,23.21714292253767
2021-04-29,23.3700008392334,24.139999389648438,22.809999465942383,23.8700008392334,36770100,-0.020125766648174337,23.197333399454752,23.444285801478795
2021-04-30,23.040000915527344,23.549999237060547,22.84000015258789,23.18000030517578,24717300,-0.014120663750771145,23.166000111897787,23.50285748073033
2021-05-03,22.299999237060547,23.079999923706055,22.209999084472656,23.010000228881836,33934400,-0.032118127129417195,23.098666763305665,23.4228572845459
2021-05-04,21.639999389648438,22.200000762939453,20.8700008392334,21.940000534057617,63429600,-0.02959640672611552,23.012666765848795,23.170000076293945
2021-05-05,21.149999618530273,21.940000534057617,20.969999313354492,21.809999465942383,39134700,-0.02264324329660361,22.94233341217041,22.747142791748047
2021-05-06,20.09000015258789,21.020000457763672,19.40999984741211,21.020000457763672,92201100,-0.05011817896269266,22.882666778564452,22.20571436200823
2021-05-07,19.75,20.75,19.579999923706055,20.299999237060547,63725500,-0.016923850174490607,22.788333447774253,21.62000002179827
2021-05-10,18.469999313354492,19.299999237060547,18.18000030517578,19.280000686645508,104670500,-0.06481016134913964,22.6513334274292,20.919999803815568
2021-05-11,20.209999084472656,20.299999237060547,17.05500030517578,17.200000762939453,203230500,0.09420681298347855,22.600666745503744,20.515713827950613
2021-05-12,18.889999389648438,20.0,18.510000228881836,20.0,128281500,-0.0653141887491907,22.495666694641113,20.028570992606028
2021-05-13,18.3700008392334,19.469999313354492,17.81999969482422,19.139999389648438,87811600,-0.027527716634019317,22.331666692097983,19.561428342546737
2021-05-14,20.079999923706055,20.200000762939453,18.530000686645508,18.81999969482422,79409500,0.09308650007356323,22.23200003306071,19.408571243286133
2021-05-17,20.459999084472656,20.489999771118164,19.6299991607666,19.729999542236328,50039600,0.018924261066255443,22.132666651407877,19.461428233555385
2021-05-18,21.239999771118164,21.6200008392334,20.260000228881836,20.520000457763672,59672400,0.03812320242171752,22.064999961853026,19.674285343715123
2021-05-19,20.670000076293945,21.03499984741211,19.940000534057617,20.100000381469727,45314000,-0.026836144113301486,21.990666643778482,19.988571166992188
2021-05-20,20.610000610351562,20.809999465942383,20.280000686645508,20.75,46302400,-0.0029027317716943113,21.897333335876464,20.045714242117747
2021-05-21,20.75,21.15999984741211,20.469999313354492,20.84000015258789,35372900,0.006792789204388638,21.78766663869222,20.31142861502511
2021-05-24,21.219999313354492,21.520000457763672,20.674999237060547,21.059999465942383,46596800,0.022650569318288793,21.716999944051107,20.718571254185267
2021-05-25,21.479999542236328,22.110000610351562,21.280000686645508,21.420000076293945,49890800,0.012252603077051338,21.585666592915853,20.91857119968959
2021-05-26,22.1200008392334,22.239999771118164,21.489999771118164,21.579999923706055,42958300,0.02979521930336304,21.532999928792318,21.155714307512557
2021-05-27,22.700000762939453,22.700000762939453,21.649999618530273,22.010000228881836,76230500,0.026220610384305676,21.51799996693929,21.36428587777274
2021-05-28,22.950000762939453,24.75,22.760000228881836,23.0,111846000,0.011013215488880235,21.53400001525879,21.69000026157924
2021-06-01,23.059999465942383,23.350000381469727,22.360000610351562,23.190000534057617,52695500,0.004792971649071109,21.57133331298828,22.040000098092214
2021-06-02,24.450000762939453,24.84000015258789,22.81999969482422,23.020000457763672,86473200,0.06027759450081427,21.660333315531414,22.568571635654994
2021-06-03,23.6299991607666,24.260000228881836,23.34000015258789,24.139999389648438,48164200,-0.03353789679286168,21.693666648864745,22.91285732814244
2021-06-04,24.030000686645508,24.489999771118164,23.5,23.709999084472656,42537600,0.016927699538095586,21.73266665140788,23.277143205915177
2021-06-07,24.459999084472656,24.760000228881836,23.790000915527344,24.0,49641000,0.017894231607996414,21.767666625976563,23.611428669520787
2021-06-08,24.3799991607666,25.229999542236328,23.93000030517578,24.850000381469727,53488600,-0.003270642955863323,21.776666577657064,23.85142844063895
2021-06-09,24.170000076293945,24.739999771118164,24.170000076293945,24.450000762939453,36006200,-0.008613580463554538,21.786333274841308,24.02571405683245
2021-06-10,24.139999389648438,24.389999389648438,23.440000534057617,24.0,35482900,-0.0012412365143074089,21.795999908447264,24.17999976021903
2021-06-11,24.670000076293945,24.709999084472656,24.030000686645508,24.1200008392334,33113100,0.021955289977048542,21.839333216349285,24.211428233555385
2021-06-14,25.0,25.149999618530273,24.469999313354492,24.729999542236328,51801500,0.0133765675997366,21.90466651916504,24.407142639160156
2021-06-15,24.40999984741211,25.549999237060547,24.389999389648438,25.030000686645508,46693200,-0.023600006103515647,21.974999872843423,24.461428233555385
2021-06-16,24.799999237060547,24.940000534057617,23.860000610351562,24.09000015258789,58452600,0.015977033678260533,22.080333201090493,24.509999683925084
2021-06-17,25.450000762939453,25.459999084472656,24.549999237060547,24.68000030517578,64408400,0.026209739753038308,22.2236665725708,24.662857055664062
2021-06-18,25.3700008392334,25.940000534057617,25.020000457763672,25.59000015258789,65852600,-0.0031434153755528493,22.399666595458985,24.834285736083984
2021-06-21,25.420000076293945,25.549999237060547,24.510000228881836,25.100000381469727,54805000,0.0019708015532748924,22.588666598002117,25.01714297703334
2021-06-22,25.399999618530273,25.520000457763672,24.959999084472656,25.389999389648438,46171100,-0.0007868000670198105,22.819666608174643,25.121428625924246
2021-06-23,26.270000457763672,26.350000381469727,25.34000015258789,25.459999084472656,53362200,0.034252002059035336,23.02166665395101,25.30285726274763
2021-06-24,26.530000686645508,26.709999084472656,26.170000076293945,26.489999771118164,48419400,0.009897229705033928,23.276333363850913,25.605714525495255
2021-06-25,26.780000686645508,27.010000228881836,26.2450008392334,26.579999923706055,140832700,0.009423294139824234,23.55666669209798,25.888571875435964
2021-06-28,27.3799991607666,27.5,26.860000610351562,26.979999542236328,42184600,0.022404722133569477,23.8,26.164285932268417
2021-06-29,26.6299991607666,27.440000534057617,26.440000534057617,27.3799991607666,38478900,-0.027392257961595945,24.0056666692098,26.344285692487443
2021-06-30,26.360000610351562,26.920000076293945,26.209999084472656,26.479999542236328,28957100,-0.010138886929175084,24.17633336385091,26.478571483067103
2021-07-01,24.719999313354492,26.1299991607666,24.59000015258789,26.100000381469727,55429800,-0.06221552575962541,24.311333338419598,26.381428582327707
2021-07-02,24.440000534057617,25.34000015258789,24.329999923706055,25.0,29389500,-0.011326811774853507,24.439000002543132,26.12000002179827
2021-07-06,24.68000030517578,25.200000762939453,24.469999313354492,24.600000381469727,28764500,0.009819957687141612,24.570000012715656,25.85571425301688
2021-07-07,22.889999389648438,24.260000228881836,22.719999313354492,24.229999542236328,66937300,-0.07252839924608723,24.625666681925455,25.2999997820173
2021-07-08,23.079999923706055,23.209999084472656,22.25,22.43000030517578,34612600,0.008300591486408715,24.679000027974446,24.685714176722936
2021-07-09,23.290000915527344,23.389999389648438,22.760000228881836,22.959999084472656,22492400,0.009098829831692967,24.71800003051758,24.208571570260183
2021-07-12,22.950000762939453,23.4950008392334,22.8799991607666,23.260000228881836,23457200,-0.014598546123766543,24.726333363850912,23.721428734915598
2021-07-13,22.450000762939453,22.989999771118164,22.420000076293945,22.979999542236328,24748800,-0.02178649165046731,24.709666697184243,23.39714322771345
2021-07-14,21.559999465942383,22.6200008392334,21.510000228881836,22.489999771118164,33796200,-0.03964370898669578,24.659666697184246,22.985714503696986
2021-07-15,21.469999313354492,22.05500030517578,21.010000228881836,21.719999313354492,31871000,-0.0041744042123035285,24.560333315531413,22.527142933436803
2021-07-16,21.3700008392334,21.709999084472656,21.239999771118164,21.600000381469727,19503100,-0.004657590932427014,24.48500003814697,22.310000283377512
2021-07-19,21.540000915527344,21.690000534057617,20.549999237060547,20.969999313354492,30314400,0.007955080468777576,24.40200004577637,22.09000042506627
2021-07-20,22.18000030517578,22.350000381469727,21.219999313354492,21.6299991607666,22954000,0.02971213381829929,24.326000086466472,21.931428909301758
2021-07-21,22.520000457763672,22.68000030517578,22.1200008392334,22.270000457763672,20437300,0.015329132006754342,24.264000129699706,21.870000294276647
2021-07-22,22.06999969482422,22.670000076293945,21.8799991607666,22.549999237060547,17468900,-0.019982271482783975,24.19400011698405,21.81571442740304
2021-07-23,21.809999465942383,22.079999923706055,21.510000228881836,22.010000228881836,17653300,-0.011780708313412935,24.116333452860513,21.851428713117325
2021-07-26,22.1299991607666,22.299999237060547,21.479999542236328,21.799999237060547,16267900,0.014672155096744355,24.03166675567627,21.94571440560477
2021-07-27,21.68000030517578,22.110000610351562,21.09000015258789,21.959999084472656,23078700,-0.02033433676710683,23.92100009918213,21.99000004359654
2021-07-28,22.559999465942383,22.614999771118164,21.690000534057617,21.75,25073600,0.04059036662266635,23.859333419799803,22.13571412222726
2021-07-29,22.18000030517578,22.850000381469727,22.139999389648438,22.780000686645508,19219100,-0.01684393482988622,23.772000122070313,22.13571412222726
2021-07-30,21.709999084472656,22.4060001373291,21.709999084472656,21.850000381469727,15889200,-0.02119031624149481,23.64733339945475,22.019999640328543
2021-08-02,22.100000381469727,22.3700008392334,21.479999542236328,21.90999984741211,21372900,0.017964132355767992,23.538333384195962,22.024285452706472
2021-08-03,22.239999771118164,22.270000457763672,21.709999084472656,22.030000686645508,17040100,0.0063348139018957195,23.432333374023436,22.085714067731583
2021-08-04,22.299999237060547,22.540000915527344,22.06999969482422,22.200000762939453,15537400,0.002697817741001085,23.32900002797445,22.109999792916433
2021-08-05,22.520000457763672,22.770000457763672,22.020000457763672,22.219999313354492,18575200,0.009865525929593,23.20400002797445,22.229999814714706
2021-08-06,21.81999969482422,22.690000534057617,21.790000915527344,22.639999389648438,24200700,-0.031083514596383144,23.046999994913737,22.124285561697825
2021-08-09,22.93000030517578,23.280000686645508,21.799999237060547,21.850000381469727,35611100,0.05087078945353318,22.918666648864747,22.231428418840682
2021-08-10,22.920000076293945,23.520000457763672,22.780000686645508,23.010000228881836,25947900,-0.0004361198756538398,22.77000001271566,22.40428570338658
2021-08-11,22.350000381469727,23.190000534057617,22.09000015258789,23.06999969482422,34679000,-0.02486909655003744,22.627333386739096,22.439999989100865
2021-08-12,24.889999389648438,25.760000228881836,23.584999084472656,24.450000762939453,189287200,0.11364648612196948,22.57833334604899,22.81857136317662
2021-08-13,24.899999618530273,25.100000381469727,24.309999465942383,25.0,52395100,0.000401776983811164,22.584333356221517,23.189999989100865
2021-08-16,24.5,24.899999618530273,23.770000457763672,24.899999618530273,45907300,-0.01606424195414846,22.586333338419596,23.472857066563197
2021-08-17,23.969999313354492,24.59000015258789,23.739999771118164,23.899999618530273,35348300,-0.02163268108757177,22.56266663869222,23.77999986921038
2021-08-18,25.280000686645508,25.940000534057617,23.68000030517578,24.06999969482422,92065600,0.054651706750828755,22.64233334859212,24.11571420942034
2021-08-19,24.15999984741211,25.639999389648438,24.139999389648438,25.010000228881836,67605600,-0.044303829462514766,22.67833334604899,24.292857033865793
2021-08-20,24.010000228881836,24.479999542236328,23.65999984741211,24.219999313354492,52062300,-0.00620859352142511,22.702333323160808,24.52999986921038
2021-08-23,24.81999969482422,24.93000030517578,23.899999618530273,24.020000457763672,35705300,0.033735920792205,22.7646666208903,24.51999991280692
2021-08-24,25.100000381469727,25.350000381469727,24.760000228881836,25.0,37227400,0.011281252622412197,22.852999941507974,24.5485714503697
2021-08-25,24.350000381469727,25.190000534057617,24.06999969482422,25.1200008392334,54678500,-0.02988047763352597,22.945999972025554,24.527142933436803
2021-08-26,24.8700008392334,25.40999984741211,24.360000610351562,24.399999618530273,46179400,0.021355254604406015,23.05933335622152,24.65571457999093
2021-08-27,25.709999084472656,26.09000015258789,24.90999984741211,25.049999237060547,52268500,0.033775561596046666,23.203999964396157,24.71714292253767
2021-08-30,25.760000228881836,26.600000381469727,25.6200008392334,25.739999771118164,44139300,0.001944813154014291,23.34466660817464,24.94571440560477
2021-08-31,26.34000015258789,26.360000610351562,25.65999984741211,25.790000915527344,93168600,0.022515524788534913,23.483333269755047,25.27857153756278
2021-09-01,26.200000762939453,26.510000228881836,26.030000686645508,26.459999084472656,34417200,-0.005315086895877785,23.60599994659424,25.475714547293528
2021-09-02,26.510000228881836,26.8700008392334,26.09000015258789,26.209999084472656,38460100,0.01183204034027674,23.753999964396158,25.677143096923828
2021-09-03,26.639999389648438,26.75,26.219999313354492,26.489999771118164,26609500,0.004903778183485974,23.914999961853027,26.00428581237793
2021-09-07,26.700000762939453,26.8799991607666,26.270000457763672,26.790000915527344,35835100,0.0022523038538180273,24.067333348592122,26.265714372907365
2021-09-08,25.579999923706055,26.610000610351562,24.959999084472656,26.600000381469727,54394400,-0.041947595776401614,24.197333335876465,26.247143064226425
2021-09-09,26.1299991607666,26.239999771118164,25.290000915527344,25.389999389648438,34190800,0.021501143029748038,24.31633332570394,26.300000054495676
2021-09-10,26.280000686645508,26.729999542236328,26.170000076293945,26.18000030517578,37307800,0.005740586708633755,24.453000005086263,26.29142870221819
2021-09-13,25.829999923706055,26.23900032043457,25.030000686645508,26.149999618530273,42372300,-0.017123316255015397,24.59033336639404,26.238571439470565
2021-09-14,26.260000228881836,26.700000762939453,25.899999618530273,25.969999313354492,34569000,0.01664732119418777,24.729000027974447,26.202857153756277
2021-09-15,27.079999923706055,27.149999618530273,26.030000686645508,26.299999237060547,49555500,0.03122618764954721,24.890333366394042,26.265714372907365
2021-09-16,28.6299991607666,28.790000915527344,27.020000457763672,27.200000762939453,109992000,0.057237785872505276,25.101333363850912,26.541428429739817
2021-09-17,28.709999084472656,29.290000915527344,28.06999969482422,28.65999984741211,182052600,0.002794269160010465,25.307666651407878,26.988571166992188
2021-09-20,26.549999237060547,28.100000381469727,26.059999465942383,27.56999969482422,89413500,-0.07523510680222589,25.465333302815754,27.048571177891322
2021-09-21,26.6200008392334,27.14900016784668,26.079999923706055,26.889999389648438,50933600,0.0026365952611833166,25.588333320617675,27.09714262826102
2021-09-22,27.43000030517578,27.770000457763672,26.582000732421875,26.610000610351562,44308100,0.030428228414951075,25.738666661580403,27.325714111328125
2021-09-23,28.770000457763672,29.190000534057617,27.670000076293945,27.709999084472656,60028600,0.04885162733064363,25.952666664123534,27.68428557259696
2021-09-24,28.559999465942383,28.760000228881836,27.900999069213867,28.270000457763672,40309700,-0.007299304431002129,26.075,27.89571407863072
2021-09-27,27.469999313354492,28.3799991607666,27.229999542236328,28.229999542236328,44102800,-0.03816527216282717,26.16066665649414,27.729999814714706
2021-09-28,25.34000015258789,27.1299991607666,25.209999084472656,27.020000457763672,64206200,-0.07753910498756755,26.188666661580402,27.248571395874023
2021-09-29,24.520000457763672,25.700000762939453,24.420000076293945,25.610000610351562,46164500,-0.03235989304997988,26.20700003306071,26.958571570260183
2021-09-30,24.040000915527344,25.049999237060547,23.8799991607666,24.690000534057617,59505600,-0.019575837409266716,26.16566670735677,26.59000015258789
2021-10-01,24.329999923706055,24.360000610351562,23.719999313354492,24.209999084472656,32778000,0.01206318623687741,26.17133337656657,26.147142955235072
2021-10-04,23.170000076293945,24.049999237060547,23.020000457763672,24.010000228881836,46789700,-0.04767775795518425,26.143333371480306,25.347142900739396
2021-10-05,23.209999084472656,23.8799991607666,23.06999969482422,23.209999084472656,56574800,0.0017263274944756546,26.089666684468586,24.582857131958008
2021-10-06,23.579999923706055,25.010000228881836,23.350000381469727,24.90999984741211,125175700,0.015941441354081265,26.03900000254313,24.027142933436803
2021-10-07,23.729999542236328,24.1299991607666,23.540000915527344,23.709999084472656,38873700,0.006361306998117211,26.01833330790202,23.797142846243723
2021-10-08,23.5,24.09600067138672,23.110000610351562,23.860000610351562,39713400,-0.009692353420696853,25.972666613260905,23.651428495134628
2021-10-11,23.530000686645508,23.979999542236328,23.260000228881836,23.260000228881836,23971700,0.0012766249636386728,25.9,23.578571319580078
2021-10-12,23.690000534057617,23.809999465942383,23.290000915527344,23.549999237060547,26280000,0.006799823320996268,25.831000010172527,23.48714283534459
2021-10-13,24.1299991607666,24.309999465942383,23.790000915527344,23.829999923706055,28494000,0.01857317926508384,25.75733331044515,23.624285561697825
2021-10-14,24.350000381469727,24.709999084472656,24.204999923706055,24.43000030517578,26106700,0.009117332298163916,25.695666631062824,23.78714288984026
2021-10-15,24.0,24.520000457763672,23.829999923706055,24.5,24366100,-0.014373732073371004,25.611999956766763,23.847142900739396
2021-10-18,24.260000228881836,24.389999389648438,23.920000076293945,24.0,25609900,0.010833342870076423,25.532666651407876,23.9228572845459
2021-10-19,24.690000534057617,25.200000762939453,24.360000610351562,24.5,29393900,0.017724662041175954,25.465666643778484,24.092857360839844
2021-10-20,24.219999313354492,24.959999084472656,24.170000076293945,24.790000915527344,24248000,-0.019036096012019166,25.420333290100096,24.191428593226842
2021-10-21,24.780000686645508,24.93000030517578,24.079999923706055,24.1299991607666,23976600,0.023121444639440547,25.37533334096273,24.347142900739396
2021-10-22,24.43000030517578,24.850000381469727,24.25,24.489999771118164,20166800,-0.014124308788189377,25.313666661580402,24.390000207083567
2021-10-25,25.40999984741211,25.540000915527344,24.479999542236328,24.5,33962100,0.04011459394164252,25.29966665903727,24.54142870221819
2021-10-26,25.520000457763672,26.75,25.25,25.989999771118164,56767000,0.004329028375132715,25.275,24.75857162475586
2021-10-27,25.059999465942383,25.899999618530273,25.020000457763672,25.639999389648438,24157200,-0.01802511691105191,25.207666651407877,24.872857230050222
2021-10-28,25.639999389648438,25.795000076293945,25.1200008392334,25.299999237060547,21203000,0.023144450760834934,25.107999992370605,25.00857135227748
2021-10-29,25.8799991607666,26.1200008392334,25.450000762939453,25.5,21910300,0.009360365711048368,25.013666661580405,25.24571418762207
2021-11-01,26.559999465942383,26.645000457763672,25.882999420166016,26.110000610351562,26684700,0.026275128563630012,25.01400000254313,25.499999727521622
2021-11-02,25.920000076293945,26.719999313354492,25.55500030517578,26.559999465942383,30794600,-0.024096363046584468,24.990666643778482,25.71285683768136
2021-11-03,26.1200008392334,26.235000610351562,25.170000076293945,25.889999389648438,25244200,0.007716078794396619,24.946999994913735,25.81428555079869
2021-11-04,26.469999313354492,26.56999969482422,25.8700008392334,26.260000228881836,25029700,0.013399634872728772,24.8703332901001,25.94999967302595
2021-11-05,26.0,26.6299991607666,25.719999313354492,26.450000762939453,26005000,-0.017755924652305133,24.784999974568684,26.084285463605607
2021-11-08,26.75,27.110000610351562,26.1200008392334,26.25,41359600,0.028846153846153744,24.760999997456867,26.242856979370117
2021-11-09,24.25,25.979999542236328,23.950000762939453,25.899999618530273,117540200,-0.09345794392523366,24.724666659037272,26.00999995640346
2021-11-10,22.520000457763672,23.639999389648438,22.1200008392334,23.600000381469727,94860100,-0.07134018730871461,24.657999992370605,25.432857240949357
2021-11-11,22.989999771118164,23.1299991607666,22.665000915527344,23.040000915527344,43381500,0.020870306563091745,24.622999954223634,25.014285768781388
2021-11-12,22.829999923706055,23.225000381469727,22.3799991607666,23.020000457763672,53516200,-0.006959541061549501,24.572999954223633,24.54428563799177
2021-11-15,23.40999984741211,23.520000457763672,22.950000762939453,23.0,33225700,0.025405165380828487,24.58099994659424,24.107142857142858
2021-11-16,23.1299991607666,23.290000915527344,22.610000610351562,23.290000915527344,31574800,-0.011960729964569428,24.5783332824707,23.69714273725237
2021-11-17,22.489999771118164,23.2189998626709,22.399999618530273,23.049999237060547,27994100,-0.027669667655414898,24.541999944051106,23.088571275983536
2021-11-18,21.5,22.549999237060547,21.341999053955078,22.5,51039900,-0.04401955452171813,24.467666625976562,22.695714133126394
2021-11-19,21.40999984741211,21.959999084472656,21.299999237060547,21.600000381469727,30013100,-0.0041860536087391376,24.397999954223632,22.537142617361887
2021-11-22,20.649999618530273,21.56999969482422,20.18000030517578,21.530000686645508,59899100,-0.03549744205036509,24.301999918619792,22.202856881277903
2021-11-23,20.59000015258789,21.049999237060547,20.049999237060547,20.59000015258789,44588000,-0.0029055431985840485,24.1986665725708,21.882856913975306
2021-11-24,21.110000610351562,21.200000762939453,20.059999465942383,20.350000381469727,35233900,0.025255000189901233,24.09799995422363,21.55428559439523
2021-11-26,21.030000686645508,21.09000015258789,20.349000930786133,20.40999984741211,20691200,-0.003789669417007313,23.987333297729492,21.25428581237793
2021-11-29,21.06999969482422,21.399999618530273,20.559999465942383,21.190000534057617,29114000,0.001901997473738204,23.8896666208903,21.051428658621653
2021-11-30,20.649999618530273,21.25,20.110000610351562,20.950000762939453,38196400,-0.01993355872696656,23.769333267211913,20.930000032697404
2021-12-01,19.3799991607666,20.889999389648438,19.290000915527344,20.530000686645508,48283700,-0.06150123395760443,23.592333221435545,20.63999993460519
2021-12-02,19.690000534057617,19.90999984741211,19.059999465942383,19.299999237060547,45802900,0.015995943586963213,23.44133326212565,20.502857208251953
2021-12-03,18.979999542236328,19.530000686645508,18.399999618530273,19.5,56039600,-0.036058962547675266,23.247999890645346,20.272857121058873
2021-12-06,18.799999237060547,18.969999313354492,18.075000762939453,18.540000915527344,56459800,-0.009483683325451353,23.060333188374837,19.94285692487444
2021-12-07,19.459999084472656,19.854999542236328,19.06999969482422,19.260000228881836,35129000,0.03510637628702917,22.861999829610188,19.718570981706893
2021-12-08,19.81999969482422,19.825000762939453,19.030000686645508,19.510000228881836,28425900,0.01849951836014263,22.671999804178874,19.539999553135463
2021-12-09,19.209999084472656,20.149999618530273,19.040000915527344,19.950000762939453,30354700,-0.03077702420504369,22.476999791463218,19.334285191127233
2021-12-10,18.940000534057617,19.579999923706055,18.700000762939453,19.280000686645508,27594500,-0.014055104803897489,22.253666496276857,19.27142824445452
2021-12-13,18.399999618530273,19.075000762939453,18.170000076293945,18.799999237060547,38376000,-0.02851113517955406,22.004333178202312,19.087142399379186
2021-12-14,18.639999389648438,18.858999252319336,17.90999984741211,18.0,38864800,0.013043466092057088,21.74033317565918,19.038570949009486
2021-12-15,18.860000610351562,18.940000534057617,17.9950008392334,18.3700008392334,39361900,0.01180264098212902,21.504999860127768,19.047142573765345
2021-12-16,18.34000015258789,19.1200008392334,18.149999618530273,18.959999084472656,33950000,-0.027571603443017012,21.24566650390625,18.887142726353236
2021-12-17,19.059999465942383,19.100000381469727,17.809999465942383,18.030000686645508,44495200,0.039258413705786976,20.998666508992514,18.778571265084402
2021-12-20,17.959999084472656,18.670000076293945,17.834999084472656,18.59000015258789,42265900,-0.05771250851477083,20.730666478474934,18.599999836512975
2021-12-21,18.899999618530273,18.979999542236328,18.100000381469727,18.15999984741211,33878600,0.0523385624707684,20.46899979909261,18.59428542000907
2021-12-22,18.8799991607666,19.450000762939453,18.649999618530273,18.649999618530273,33894200,-0.001058225299859883,20.289999771118165,18.662856783185685
2021-12-23,18.93000030517578,19.135000228881836,18.719999313354492,18.850000381469727,24758300,0.0026483658173610536,20.170333099365234,18.70428548540388
2021-12-27,18.940000534057617,19.25,18.780000686645508,18.780000686645508,21782000,0.0005282741004024594,20.035333124796548,18.715714045933314
2021-12-28,18.56999969482422,19.06999969482422,18.440000534057617,18.889999389648438,20518800,-0.019535418627262935,19.893333117167156,18.748571123395646
2021-12-29,18.170000076293945,18.600000381469727,17.90999984741211,18.530000686645508,28217500,-0.021540098282379683,19.71866645812988,18.62142835344587
2021-12-30,18.690000534057617,18.9950008392334,18.06999969482422,18.100000381469727,29285200,0.02861862716457031,19.57066650390625,18.72571427481515
2021-12-31,18.209999084472656,18.920000076293945,18.209999084472656,18.610000610351562,23556000,-0.02568225981108374,19.4279998143514,18.627142769949778
2022-01-03,18.530000686645508,18.569000244140625,17.860000610351562,18.360000610351562,34283600,0.017572851085188246,19.328999837239582,18.57714298793248
2022-01-04,18.170000076293945,18.84000015258789,17.790000915527344,18.610000610351562,39643200,-0.019427986886747073,19.220999844868977,18.468571526663645
2022-01-05,16.959999084472656,18.56800079345703,16.8700008392334,18.030000686645508,58445900,-0.06659333994169625,19.097999827067056,18.185714176722936
2022-01-06,16.739999771118164,17.18000030517578,16.05500030517578,16.8700008392334,49737100,-0.012971658327264102,18.969666481018066,17.924285616193497
2022-01-07,16.559999465942383,17.329999923706055,16.475000381469727,16.700000762939453,37989300,-0.01075270654939553,18.817999776204427,17.694285529000418
2022-01-10,16.5,16.56999969482422,15.350000381469727,16.190000534057617,77649400,-0.003623156272787309,18.666999753316244,17.38142830984933
2022-01-11,16.889999389648438,17.25,16.31999969482422,16.399999618530273,47442600,0.023636326645359862,18.527666409810383,17.19285692487444
2022-01-12,16.719999313354492,17.459999084472656,16.399999618530273,17.15999984741211,39784200,-0.010065132175086755,18.39666639963786,16.93428530011858
2022-01-13,16.010000228881836,16.81999969482422,15.9399995803833,16.799999237060547,35492200,-0.04246406182000084,18.284333101908366,16.625713893345424
2022-01-14,16.010000228881836,16.249000549316406,15.619999885559082,15.9399995803833,35624900,0.0,18.161666425069175,16.489999771118164
2022-01-18,14.970000267028809,15.75,14.920000076293945,15.449999809265137,49067700,-0.06495939706339793,18.027999782562254,16.237142699105398
2022-01-19,14.5600004196167,15.25,14.539999961853027,14.899999618530273,48049100,-0.027388098870988475,17.88666648864746,15.951428549630302
2022-01-20,14.619999885559082,15.550000190734863,14.569999694824219,14.890000343322754,44690400,0.004120842322335783,17.725333182017007,15.68285710471017
2022-01-21,13.529999732971191,14.477999687194824,13.5,14.25,73031300,-0.07455541457729686,17.51566651662191,15.202857153756279
2022-01-24,13.399999618530273,13.40999984741211,11.75,12.789999961853027,110518900,-0.009608286548899336,17.32199986775716,14.728571483067103
2022-01-25,13.0600004196167,13.600000381469727,12.829999923706055,13.119999885559082,47456600,-0.02537307526810706,17.125999863942464,14.30714293888637
2022-01-26,12.75,13.819999694824219,12.680000305175781,13.600000381469727,69949700,-0.023736631673538455,16.937666543324788,13.841428620474678
2022-01-27,12.279999732971191,13.0600004196167,12.199999809265137,13.010000228881836,52622900,-0.0368627660414752,16.725666554768882,13.45714282989502
2022-01-28,12.710000038146973,12.880000114440918,11.890000343322754,12.300000190734863,54887500,0.03501631225782953,16.520666535695394,13.19285706111363
2022-01-31,13.710000038146973,13.739999771118164,12.760000228881836,12.770000457763672,51039300,0.07867820590076047,16.366333198547363,13.0628570829119
2022-02-01,14.199999809265137,14.369999885559082,13.5600004196167,14.229999542236328,69012900,0.0357403187275549,16.204333209991454,13.158571379525322
2022-02-02,13.319999694824219,14.199999809265137,13.1899995803833,14.09000015258789,47204300,-0.061971839877542845,16.04966656366984,13.147142818995885
2022-02-03,12.449999809265137,13.319999694824219,12.420000076293945,12.949999809265137,47236900,-0.06531530822010001,15.83466657002767,13.059999874659947
2022-02-04,12.9399995803833,13.09000015258789,12.265000343322754,12.470000267028809,38989200,0.039357411937750664,15.636666584014893,13.087142671857562
2022-02-07,12.979999542236328,13.600000381469727,12.9399995803833,13.024999618530273,45646100,0.003091187260443773,15.438333225250243,13.187142644609724
2022-02-08,13.149999618530273,13.189000129699707,12.619999885559082,12.75,30317100,0.013097078758806724,15.245333194732666,13.249999727521624
2022-02-09,13.869999885559082,13.890000343322754,13.260000228881836,13.289999961853027,34451900,0.05475287360573167,15.088666534423828,13.272856848580497
2022-02-10,13.5600004196167,14.164999961853027,13.369999885559082,13.5,41998200,-0.022350358219190958,14.934999879201253,13.181428364345006
2022-02-11,13.130000114440918,13.920000076293945,12.970000267028809,13.449999809265137,41831600,-0.031710935978565113,14.749666531880697,13.154285567147392
2022-02-14,13.260000228881836,13.795000076293945,12.979999542236328,13.100000381469727,40617900,0.00990099872870065,14.58466657002767,13.26999991280692
2022-02-15,14.170000076293945,14.1850004196167,13.40999984741211,13.520000457763672,48523700,0.06862743828842643,14.439333216349285,13.445714269365583
2022-02-16,13.970000267028809,14.260000228881836,13.65999984741211,13.90999984741211,58624400,-0.014114312504467152,14.299333222707112,13.587142944335938
2022-02-17,11.770000457763672,12.699999809265137,11.699999809265137,12.390000343322754,151385400,-0.1574802982973057,14.12633326848348,13.390000207083565
2022-02-18,11.020000457763672,12.010000228881836,10.569999694824219,11.920000076293945,137808100,-0.06372132292529253,13.935666624704997,12.982857431684222
2022-02-22,10.479999542236328,11.1850004196167,10.300000190734863,10.699999809265137,104501500,-0.049001895925231964,13.732999960581461,12.54285730634417
2022-02-23,10.430000305175781,11.260000228881836,10.399999618530273,10.829999923706055,93964500,-0.00477091977523858,13.530666637420655,12.157143047877721
2022-02-24,11.829999923706055,11.869999885559082,9.739999771118164,9.75,118793000,0.13422814741774625,13.361999988555908,11.952857289995466
2022-02-25,11.470000267028809,11.890000343322754,11.0,11.59000015258789,75433700,-0.030431078529074673,13.187000020345051,11.567143031529017
2022-02-28,11.850000381469727,12.180000305175781,11.390000343322754,11.960000038146973,75390500,0.03312991330377302,13.048333358764648,11.264285905020577
2022-03-01,12.180000305175781,12.520000457763672,11.710000038146973,11.989999771118164,64867200,0.02784809393104215,12.920666694641113,11.322857311793737
2022-03-02,12.0600004196167,12.210000038146973,11.420000076293945,12.210000038146973,56698300,-0.009852207106110566,12.823666699727376,11.471428734915596
2022-03-03,11.34000015258789,12.055000305175781,11.234999656677246,12.010000228881836,46172000,-0.059701512601746054,12.716333357493083,11.59428596496582
2022-03-04,10.960000038146973,11.770000457763672,10.739999771118164,11.699999809265137,43502200,-0.0335097098172612,12.594333362579345,11.670000212533134
2022-03-07,11.109999656677246,11.75,11.100000381469727,11.430000305175781,63070600,0.013686096533594094,12.513666693369547,11.567143031529017
2022-03-08,11.039999961853027,11.390000343322754,10.718999862670898,10.930000305175781,49279600,-0.006300602789141241,12.435000038146972,11.505714416503906
2022-03-09,11.649999618530273,12.020000457763672,11.270000457763672,11.40999984741211,43591400,0.05525359228125026,12.388000011444092,11.477142878941127
2022-03-10,11.869999885559082,11.970000267028809,11.319999694824219,11.380000114440918,52295400,0.018884143710947487,12.358666674296062,11.43285710471017
2022-03-11,11.390000343322754,12.005000114440918,11.369999885559082,11.859999656677246,37817400,-0.04043804101635173,12.329000027974446,11.337142808096749
2022-03-14,10.5,11.40999984741211,10.40999984741211,11.170000076293945,49762600,-0.07813874596101356,12.255333360036214,11.21714278629848
2022-03-15,10.770000457763672,10.850000381469727,10.270000457763672,10.470000267028809,40451200,0.025714329310825956,12.157333374023438,11.189999989100865
2022-03-16,11.789999961853027,11.819999694824219,10.9399995803833,10.949999809265137,62746600,0.09470747082040076,12.077000045776368,11.287142889840263
2022-03-17,12.319999694824219,12.369999885559082,11.65999984741211,11.720000267028809,43948900,0.044953327793555875,12.043666712443034,11.469999994550433
2022-03-18,12.819999694824219,13.020000457763672,12.21500015258789,12.279999732971191,59125500,0.04058441658972245,12.05600004196167,11.637142862592425
2022-03-21,12.59000015258789,13.050000190734863,12.420000076293945,12.720000267028809,39410900,-0.017940682348782322,12.04433339436849,11.74000004359654
2022-03-22,13.270000457763672,13.479999542236328,12.520000457763672,12.520000457763672,46210700,0.0540111435213928,12.054000091552734,12.00857148851667
2022-03-23,13.180000305175781,13.550000190734863,13.020000457763672,13.15999984741211,33699400,-0.006782226788487833,12.055000114440919,12.391428674970355
2022-03-24,13.390000343322754,13.420000076293945,12.829999923706055,13.25,29535300,0.015933234695336473,12.039000129699707,12.765714372907366
2022-03-25,12.970000267028809,13.395000457763672,12.710000038146973,13.359999656677246,24796900,-0.03136669645444701,12.019333457946777,12.934285845075335
2022-03-28,13.420000076293945,13.4399995803833,12.854999542236328,13.010000228881836,27152000,0.03469543562069832,12.029000123341879,13.091428756713867
2022-03-29,14.199999809265137,14.279999732971191,13.350000381469727,13.649999618530273,46433700,0.058122185434934526,12.060333442687988,13.288571630205427
2022-03-30,13.880000114440918,14.359999656677246,13.739999771118164,14.039999961853027,32164000,-0.022535190079046807,12.050666777292887,13.472857339041573
2022-03-31,13.729999542236328,14.0600004196167,13.630000114440918,13.899999618530273,22840000,-0.010806957562523922,12.042666753133139,13.53857149396624
2022-04-01,13.829999923706055,14.0649995803833,13.5,13.770000457763672,23831600,0.007283349220959856,12.111333401997884,13.631428582327706
2022-04-04,14.630000114440918,14.65999984741211,14.020000457763672,14.029999732971191,40066800,0.057845278029508895,12.231666723887125,13.808571406773158
2022-04-05,13.890000343322754,14.859999656677246,13.795000076293945,14.609999656677246,37677300,-0.05058098190906557,12.345333417256674,13.939999989100865
2022-04-06,13.0,13.539999961853027,12.850000381469727,13.520000457763672,40647700,-0.06407489714358416,12.431000073750814,13.87999997820173
2022-04-07,12.84000015258789,13.34000015258789,12.479999542236328,12.949999809265137,34727400,-0.012307680570162294,12.464666748046875,13.685714312962123
2022-04-08,12.699999809265137,13.050000190734863,12.569999694824219,12.699999809265137,24962500,-0.01090345340023513,12.505666732788086,13.517142840794154
2022-04-11,12.65999984741211,12.819999694824219,12.130000114440918,12.449999809265137,26095800,-0.0031496033428162207,12.532666714986165,13.364285741533552
2022-04-12,12.460000038146973,13.199999809265137,12.425000190734863,12.880000114440918,26226500,-0.015797773434098383,12.542000039418538,13.168571472167969
2022-04-13,12.899999618530273,12.9399995803833,12.230999946594238,12.350000381469727,21152900,0.035312967819921104,12.570000012715658,12.921428544180733
2022-04-14,12.420000076293945,12.920000076293945,12.40999984741211,12.920000076293945,23284100,-0.03720926794035173,12.606000010172526,12.71142850603376
2022-04-18,12.149999618530273,12.414999961853027,11.880000114440918,12.350000381469727,25395600,-0.021739167158220996,12.64566666285197,12.589999880109515
2022-04-19,12.90999984741211,13.020000457763672,12.069999694824219,12.079999923706055,31753900,0.06255146113113774,12.705666669209798,12.599999836512975
2022-04-20,12.789999961853027,13.170000076293945,12.739999771118164,13.079999923706055,31528600,-0.00929511130731242,12.764000002543131,12.612857001168388
2022-04-21,12.329999923706055,13.329999923706055,12.225000381469727,13.020000457763672,32009000,-0.035965601213366005,12.786666679382325,12.565714154924665
2022-04-22,11.960000038146973,12.729999542236328,11.859999656677246,12.329999923706055,30386100,-0.030008101204259452,12.789666684468587,12.494285583496094
2022-04-25,12.109999656677246,12.15999984741211,11.680000305175781,11.829999923706055,31727600,0.01254177408460233,12.813666661580404,12.381428446088519
2022-04-26,11.119999885559082,12.050000190734863,11.100000381469727,11.9399995803833,38666500,-0.08175060274029777,12.834333324432373,12.195714133126396
2022-04-27,10.5600004196167,11.194999694824219,10.529999732971191,11.010000228881836,54508500,-0.050359664721725594,12.827333323160808,11.968571390424456
2022-04-28,10.949999809265137,11.045000076293945,10.369999885559082,10.6899995803833,40074500,0.03693175891583844,12.799333318074543,11.688571384974889
2022-04-29,10.399999618530273,11.229999542236328,10.359999656677246,10.899999618530273,30937500,-0.050228328795904775,12.735333315531413,11.347142764500209
2022-05-02,10.739999771118164,10.755000114440918,10.180000305175781,10.380000114440918,41193800,0.0326923235633676,12.66599998474121,11.119999885559082
2022-05-03,10.550000190734863,10.979999542236328,10.4399995803833,10.6899995803833,31372700,-0.01769083653933068,12.597999986012777,10.91857133592878
2022-05-04,10.979999542236328,11.010000228881836,10.079999923706055,10.529999732971191,43239900,0.04075823163293357,12.521666622161865,10.757142748151507
2022-05-05,10.119999885559082,10.800000190734863,9.979999542236328,10.800000190734863,40523600,-0.07832419786258815,12.419666608174643,10.614285605294365
2022-05-06,9.479999542236328,10.050000190734863,9.420000076293945,10.0,69691300,-0.0632411413596965,12.289333248138428,10.459999765668597
2022-05-09,7.460000038146973,7.849999904632568,7.320000171661377,7.78000020980835,170871700,-0.21308012675418742,12.105666573842367,9.961428369794573
2022-05-10,7.289999961853027,7.703000068664551,6.929999828338623,7.559999942779541,86932400,-0.022788213863893292,11.901333236694336,9.517142704554967
2022-05-11,6.710000038146973,7.539999961853027,6.659999847412109,7.28000020980835,72894900,-0.0795610324747692,11.651666577657064,8.941428456987653
2022-05-12,7.340000152587891,7.380000114440918,6.440000057220459,6.550000190734863,82147300,0.09388973336204298,11.43366657892863,8.482857022966657
2022-05-13,8.34000015258789,8.350000381469727,7.519999980926514,7.519999980926514,69242700,0.13623977918412256,11.253999932607014,8.105714253016881
2022-05-16,8.039999961853027,8.430000305175781,8.010000228881836,8.170000076293945,46153200,-0.03597124523334372,11.06099993387858,7.808571406773159
2022-05-17,8.359999656677246,8.460000038146973,8.010000228881836,8.100000381469727,38620800,0.039800957256530545,10.851999918619791,7.648571423121861
2022-05-18,8.010000228881836,8.430000305175781,7.920000076293945,8.210000038146973,29304600,-0.04186596198193149,10.655999914805095,7.727142878941128
2022-05-19,8.3100004196167,8.581000328063965,7.945000171661377,7.96999979019165,35780900,0.03745320626248505,10.499666595458985,7.872857230050223
2022-05-20,8.079999923706055,8.399999618530273,7.710000038146973,8.260000228881836,40879100,-0.027677555270358645,10.340999921162924,8.068571499415807
2022-05-23,8.010000228881836,8.170000076293945,7.800000190734863,8.010000228881836,27755200,-0.008663328649155755,10.184666601816813,8.164285796029228
2022-05-24,7.550000190734863,7.989999771118164,7.369999885559082,7.980000019073486,47218700,-0.05742821785302077,10.014333279927571,8.051428658621651
2022-05-25,7.960000038146973,8.017999649047852,7.510000228881836,7.519999980926514,35068900,0.05430461417938104,9.864333279927571,8.040000098092216
2022-05-26,8.359999656677246,8.399999618530273,7.769999980926514,7.840000152587891,39738900,0.05025120811725392,9.712999947865804,8.040000098092216
2022-05-27,8.850000381469727,8.850000381469727,8.434000015258789,8.5,37064000,0.05861252929611194,9.59399995803833,8.160000119890485
2022-05-31,8.680000305175781,9.100000381469727,8.5600004196167,8.970000267028809,41672300,-0.019209047340822072,9.478333314259848,8.212857246398926
2022-06-01,8.460000038146973,8.979000091552734,8.380000114440918,8.720000267028809,34438100,-0.02534565199238814,9.329999987284342,8.267142977033343
2022-06-02,9.300000190734863,9.390000343322754,8.461000442504883,8.539999961853027,41347000,0.09929079773052574,9.213666661580403,8.45142868586949
2022-06-03,8.9399995803833,9.25,8.859999656677246,9.039999961853027,36632300,-0.03870974225465218,9.100666650136311,8.650000027247838
2022-06-06,8.979999542236328,9.210000038146973,8.779999732971191,9.109999656677246,35101100,0.004474268873658316,9.001333300272623,8.795714242117745
2022-06-07,9.130000114440918,9.140000343322754,8.729999542236328,8.890000343322754,28049400,0.01670385076291825,8.90199998219808,8.905714307512556
2022-06-08,9.180000305175781,9.420000076293945,9.09000015258789,9.180000305175781,29056300,0.005476472081942019,8.837333329518636,8.952857153756279
2022-06-09,8.680000305175781,9.15999984741211,8.670000076293945,9.130000114440918,30527400,-0.054466229126168386,8.774666659037273,8.952857153756279
2022-06-10,8.260000228881836,8.579999923706055,8.140000343322754,8.479999542236328,30225800,-0.04838710386260059,8.685000006357829,8.924285752432686
2022-06-13,7.639999866485596,8.0,7.5,7.989999771118164,40943000,-0.07506057448138481,8.593000014623007,8.687142848968506
2022-06-14,7.820000171661377,7.980000019073486,7.585000038146973,7.735000133514404,30564100,0.02356024978028981,8.495666694641113,8.527142933436803
2022-06-15,8.119999885559082,8.300000190734863,7.815000057220459,7.920000076293945,38235300,0.03836313392739599,8.414666684468587,8.404285839625768
2022-06-16,7.670000076293945,7.985000133514404,7.579999923706055,7.840000152587891,36793500,-0.05541869650336251,8.304333368937174,8.195714405604772
2022-06-17,8.239999771118164,8.329999923706055,7.690000057220459,7.699999809265137,45518000,0.07431547446602327,8.241666698455811,8.061428615025111
2022-06-21,8.710000038146973,9.050000190734863,8.5600004196167,8.59000015258789,48887600,0.057038868942229426,8.216000048319499,8.065714291163854
2022-06-22,9.010000228881836,9.28499984741211,8.449999809265137,8.520000457763672,43430600,0.03444319051905387,8.267666721343994,8.17285714830671
2022-06-23,9.460000038146973,9.5,8.84000015258789,9.020000457763672,44618000,0.04994448366634319,8.34000005722046,8.432857172829765
2022-06-24,10.1899995803833,10.199999809265137,9.479999542236328,9.529999732971191,67826000,0.07716697032691777,8.45600004196167,8.771428516932897
2022-06-27,9.619999885559082,10.15999984741211,9.510000228881836,10.149999618530273,44768000,-0.05593716568168672,8.53200003306071,8.98571423121861
2022-06-28,9.3100004196167,9.880000114440918,9.1899995803833,9.569999694824219,45589000,-0.03222447709253451,8.564333375295003,9.219999994550433
2022-06-29,9.229999542236328,9.420000076293945,9.069999694824219,9.350000381469727,40408700,-0.008593004701890727,8.604000027974447,9.361428533281599
2022-06-30,9.069999694824219,9.1899995803833,8.720000267028809,9.020000457763672,33636400,-0.017334762226146716,8.627666695912678,9.412857055664062
2022-07-01,9.270000457763672,9.430000305175781,9.031000137329102,9.109999656677246,33504400,0.022050801507036866,8.669666703542074,9.449999945504326
2022-07-05,10.069999694824219,10.100000381469727,9.0,9.140000343322754,55854800,0.0862998055615567,8.728333346048991,9.537142753601074
2022-07-06,9.800000190734863,10.3100004196167,9.739999771118164,10.010000228881836,54604300,-0.026812265369593802,8.785666688283284,9.48142855507987
2022-07-07,10.180000305175781,10.279999732971191,9.75,9.760000228881836,35672500,0.03877552112704841,8.858000024159749,9.561428615025111
2022-07-08,10.170000076293945,10.380000114440918,9.829999923706055,9.920000076293945,36737100,-0.000982340725152242,8.945333353678386,9.684285708836146
2022-07-11,9.5600004196167,9.994000434875488,9.529999732971191,9.979999542236328,34015100,-0.0599803001082706,8.998666699727377,9.731428691319056
2022-07-12,9.489999771118164,9.960000038146973,9.270000457763672,9.65999984741211,42765800,-0.007322243245397431,9.036333370208741,9.791428702218193
2022-07-13,9.279999732971191,9.550000190734863,9.050000190734863,9.220000267028809,32461300,-0.0221285609285351,9.050666681925456,9.79285717010498
2022-07-14,8.899999618530273,9.279999732971191,8.850000381469727,9.229999542236328,26702100,-0.04094828937233741,9.057999992370606,9.625714302062988
2022-07-15,9.039999961853027,9.119999885559082,8.649999618530273,9.010000228881836,34918100,0.01573037632847374,9.077333323160808,9.517142840794154
2022-07-18,9.029999732971191,9.449999809265137,9.005000114440918,9.25,32428400,-0.0011062200137206268,9.068333307902018,9.352857044764928
2022-07-19,9.34000015258789,9.369999885559082,8.890000343322754,9.149999618530273,29033800,0.03433005855856197,9.081666660308837,9.234285627092634
2022-07-20,10.109999656677246,10.199999809265137,9.4399995803833,9.4399995803833,40845200,0.08244105904816368,9.119333330790202,9.312856946672712
2022-07-21,10.489999771118164,10.760000228881836,10.220000267028809,10.369999885559082,51691200,0.03758656056827303,9.164666652679443,9.455714089529854
2022-07-22,9.84000015258789,10.569999694824219,9.729999542236328,10.350000381469727,38915500,-0.061963740010738566,9.18666664759318,9.535714149475098
2022-07-25,9.680000305175781,9.850000381469727,9.520000457763672,9.829999923706055,21485000,-0.016260146842582146,9.219999980926513,9.647142818995885
2022-07-26,9.399999618530273,9.65999984741211,9.380000114440918,9.65999984741211,21997800,-0.028925689857240422,9.257999960581461,9.698571341378349
2022-07-27,10.020000457763672,10.029999732971191,9.5,9.670000076293945,29810900,0.0659575387653406,9.337333313624065,9.840000016348702
2022-07-28,10.130000114440918,10.199999809265137,9.739999771118164,10.029999732971191,27172900,0.010978009146897394,9.414333311716716,9.952857153756279
2022-07-29,10.350000381469727,10.350000381469727,9.920000076293945,10.010000228881836,31106600,0.021717696401126974,9.488666661580403,9.987142971583776
2022-08-01,10.470000267028809,10.699999809265137,10.121999740600586,10.25,31694700,0.011594191414130428,9.582000001271565,9.98428589957101
2022-08-02,10.920000076293945,11.229999542236328,10.260000228881836,10.319999694824219,40958800,0.04297992337996748,9.671333344777425,10.138571602957589
2022-08-03,11.199999809265137,11.34000015258789,11.039999961853027,11.079999923706055,35796500,0.025641001008694042,9.754333337148031,10.355714389256068
2022-08-04,11.319999694824219,11.40999984741211,11.029999732971191,11.1899995803833,32093400,0.01071427567880967,9.83133331934611,10.630000114440918
2022-08-05,11.449999809265137,11.619999885559082,10.850000381469727,11.010000228881836,50264800,0.011484109359151118,9.897666645050048,10.834285736083984
2022-08-08,9.819999694824219,10.399999618530273,9.710000038146973,9.770000457763672,125272600,-0.14235809096887064,9.885333315531414,10.789999961853027
2022-08-09,9.25,9.569999694824219,9.010000228881836,9.539999961853027,58788900,-0.05804477724420354,9.872999986012777,10.632857050214495
2022-08-10,9.59000015258789,9.65999984741211,9.319999694824219,9.510000228881836,46054900,0.036756773252744956,9.88233331044515,10.507142748151507
2022-08-11,9.420000076293945,10.050000190734863,9.399999618530273,9.760000228881836,44790900,-0.0177268064222158,9.888666661580404,10.292857033865792
2022-08-12,9.90999984741211,9.970000267028809,9.420000076293945,9.550000190734863,30638200,0.052016960419276614,9.916666666666666,10.108571325029645
2022-08-15,9.90999984741211,10.100000381469727,9.760000228881836,9.819999694824219,33263400,0.0,9.937999979654949,9.907142775399345
2022-08-16,9.739999771118164,9.880000114440918,9.359999656677246,9.850000381469727,40603900,-0.017154397468365112,9.92699998219808,9.662857055664062
2022-08-17,9.430000305175781,9.619000434875488,9.329999923706055,9.5600004196167,33933600,-0.0318274613169518,9.914666652679443,9.607142857142858
2022-08-18,9.149999618530273,9.470000267028809,9.119999885559082,9.420000076293945,26365600,-0.029692542691841295,9.880333296457927,9.592857088361468
2022-08-19,8.510000228881836,9.010000228881836,8.479999542236328,9.0,40560200,-0.06994529140223482,9.824999968210856,9.438571384974889
2022-08-22,8.069999694824219,8.399999618530273,8.0600004196167,8.319999694824219,37824900,-0.05170393915670091,9.77533327738444,9.24571418762207
2022-08-23,8.010000228881836,8.279999732971191,8.0,8.100000381469727,25658500,-0.007434878340932816,9.725999959309895,8.974285670689174
2022-08-24,8.100000381469727,8.359999656677246,7.980000019073486,8.039999961853027,26576400,0.011235973784791575,9.68666664759318,8.71571431841169
2022-08-25,8.420000076293945,8.430000305175781,8.050000190734863,8.220000267028809,25635600,0.03950613330294139,9.67066666285197,8.527142933436803
2022-08-26,7.940000057220459,8.430000305175781,7.929999828338623,8.420000076293945,34150400,-0.05700712763945226,9.633999999364217,8.31428575515747
2022-08-29,7.809999942779541,7.998000144958496,7.760000228881836,7.820000171661377,28566200,-0.016372810264994708,9.593333339691162,8.122857230050224
2022-08-30,7.789999961853027,7.974999904632568,7.679999828338623,7.929999828338623,27189200,-0.0025608170388021767,9.541666666666666,8.020000049046107
2022-08-31,7.71999979019165,8.0,7.699999809265137,7.949999809265137,28691500,-0.008985901412601027,9.46200000445048,7.970000062670026
2022-09-01,7.489999771118164,7.619999885559082,7.21999979019165,7.610000133514404,39079700,-0.029792749394333407,9.362000004450481,7.895714282989502
2022-09-02,7.400000095367432,7.670000076293945,7.349999904632568,7.670000076293945,25965000,-0.012015978438046915,9.280666669209799,7.795714242117746
2022-09-06,7.28000020980835,7.460000038146973,7.170000076293945,7.449999809265137,30429400,-0.016216200542241155,9.200666666030884,7.632857118334089
2022-09-07,7.389999866485596,7.429999828338623,7.179999828338623,7.269999980926514,30330000,0.015109842514708038,9.13366667429606,7.554285662514823
2022-09-08,7.53000020980835,7.53000020980835,7.269999980926514,7.329999923706055,26303600,0.01894456642112674,9.050666666030883,7.514285700661795
2022-09-09,7.789999961853027,7.820000171661377,7.639999866485596,7.679999828338623,27822300,0.034528518565777766,8.97266666094462,7.514285700661795
2022-09-12,8.010000228881836,8.029999732971191,7.820000171661377,7.860000133514404,30544800,0.028241369461634358,8.894666655858357,7.555714334760394
2022-09-13,7.480000019073486,7.659999847412109,7.449999809265137,7.630000114440918,29770700,-0.06616731518899543,8.794999980926514,7.554285798754011
2022-09-14,7.630000114440918,7.630000114440918,7.329999923706055,7.449999809265137,29422500,0.020053488634350414,8.685333315531413,7.5871429443359375
2022-09-15,8.010000228881836,8.100000381469727,7.449999809265137,7.46999979019165,51700600,0.049803421853390484,8.578999996185303,7.6914286613464355
2022-09-16,7.78000020980835,7.929999828338623,7.639999866485596,7.75,42155500,-0.028714108926510384,8.461000013351441,7.747142996106829
2022-09-19,7.860000133514404,7.860000133514404,7.579999923706055,7.639999866485596,29238800,0.01028276626589264,8.341333357493083,7.794285842350551
2022-09-20,7.619999885559082,7.914999961853027,7.599999904632568,7.78000020980835,30349600,-0.030534382172842545,8.268000030517578,7.770000117165702
2022-09-21,7.690000057220459,8.069999694824219,7.65500020980835,7.71999979019165,36814500,0.009186374371741968,8.216000032424926,7.724285806928362
2022-09-22,7.369999885559082,7.739999771118164,7.239999771118164,7.739999771118164,49138300,-0.04161250575816522,8.142000023523966,7.7085715021405905
2022-09-23,7.400000095367432,7.420000076293945,7.130000114440918,7.199999809265137,34197300,0.004070584840460079,8.074666690826415,7.675714356558664
2022-09-26,7.53000020980835,7.829999923706055,7.349999904632568,7.349999904632568,45429800,0.017567582806154336,7.995333369572958,7.607142925262451
2022-09-27,7.630000114440918,7.835000038146973,7.460000038146973,7.690000057220459,31794700,0.013280199448375996,7.919333378473918,7.585714340209961
2022-09-28,7.940000057220459,8.0,7.619999885559082,7.630000114440918,31955900,0.04062908756617434,7.85933338801066,7.597142900739398
2022-09-29,8.079999923706055,8.329999923706055,7.78000020980835,8.050000190734863,57845800,0.017632224871117375,7.8143333752950035,7.66285719190325
2022-09-30,8.130000114440918,8.5,7.9710001945495605,8.010000228881836,47454800,0.006188142476111436,7.780333391825358,7.725714342934745
2022-10-03,8.239999771118164,8.300000190734863,7.96999979019165,8.145000457763672,35524000,0.013530092881777422,7.771333376566569,7.850000040871756
2022-10-04,8.460000038146973,8.609999656677246,8.34000015258789,8.479999542236328,36313300,0.026699062274240237,7.784333388010661,8.001428604125977
2022-10-05,8.420000076293945,8.484999656677246,8.074999809265137,8.260000228881836,37790200,-0.004728127857288822,7.798000049591065,8.128571442195348
2022-10-06,8.470000267028809,8.600000381469727,8.3149995803833,8.399999618530273,27653400,0.005938264879074673,7.810333379109701,8.248571463993617
2022-10-07,8.149999618530273,8.279999732971191,8.109999656677246,8.260000228881836,29550500,-0.03778047678985352,7.801333363850912,8.27857140132359
2022-10-10,8.0600004196167,8.180000305175781,7.880000114440918,8.170000076293945,26923300,-0.011042847009335666,7.805333375930786,8.275714329310826
2022-10-11,8.039999961853027,8.295000076293945,7.699999809265137,7.989999771118164,40775800,-0.0024814462434759044,7.813000043233235,8.262857164655413
2022-10-12,8.069999694824219,8.100000381469727,7.820000171661377,8.0600004196167,30201600,0.003731310088747497,7.822333367665609,8.238571439470563
2022-10-13,8.079999923706055,8.199999809265137,7.565000057220459,7.739999771118164,36040900,0.001239185781908958,7.834333372116089,8.184285708836146
2022-10-14,7.53000020980835,8.3100004196167,7.53000020980835,8.229999542236328,37430100,-0.06806927216472503,7.835666720072428,8.057142870766777
2022-10-17,7.940000057220459,8.0600004196167,7.690000057220459,7.710000038146973,31751700,0.05444884940083483,7.853666718800863,7.9814285550798685
2022-10-18,8.15999984741211,8.329999923706055,8.039999961853027,8.149999618530273,37120400,0.027707781940327303,7.883000040054322,7.982857159205845
2022-10-19,7.909999847412109,8.125,7.84499979019165,8.0600004196167,26594000,-0.03063725547486207,7.900333372751872,7.961428506033761
2022-10-20,8.039999961853027,8.260000228881836,7.730000019073486,7.730000019073486,26689500,0.01643490732600328,7.917333364486694,7.961428506033761
2022-10-21,8.289999961853027,8.319999694824219,7.809999942779541,7.929999828338623,30705700,0.03109452751071662,7.934000031153361,7.992857115609305
2022-10-24,8.270000457763672,8.300000190734863,8.010000228881836,8.300000190734863,28062200,-0.00241248542598127,7.942666705449422,8.020000049046107
2022-10-25,8.65999984741211,8.65999984741211,8.359999656677246,8.359999656677246,31001500,0.04715832745599369,7.98200003306071,8.181428568703788
2022-10-26,8.569999694824219,9.050000190734863,8.390000343322754,8.479999542236328,33530900,-0.010392627502734397,8.01333335240682,8.271428516932897
2022-10-27,8.600000381469727,8.779999732971191,8.460000038146973,8.680000305175781,28940800,0.0035006636772259014,8.03300002415975,8.334285736083984
2022-10-28,8.640000343322754,8.65999984741211,8.364999771118164,8.550000190734863,20697400,0.004651158148692103,8.061666695276896,8.438571521214076
2022-10-31,8.789999961853027,8.829999923706055,8.430000305175781,8.59000015258789,31376100,0.0173610662696555,8.09266668955485,8.545714378356934
2022-11-01,8.649999618530273,9.0600004196167,8.5600004196167,8.989999771118164,29800000,-0.015927229116078467,8.127000013987223,8.597142900739398
2022-11-02,8.220000267028809,8.760000228881836,8.199999809265137,8.699999809265137,36042600,-0.04971090988030891,8.144666687647502,8.590000016348702
2022-11-03,8.079999923706055,8.300000190734863,7.869999885559082,8.069999694824219,36419500,-0.017031671383796465,8.168333355585734,8.507142884390694
2022-11-04,7.929999828338623,8.199999809265137,7.650000095367432,8.1899995803833,64338900,-0.018564368413834242,8.18600001335144,8.41571433203561
2022-11-07,7.019999980926514,7.849999904632568,6.889999866485596,7.78000020980835,99332800,-0.11475408160289446,8.169000005722046,8.189999989100865
2022-11-08,7.210000038146973,7.420000076293945,6.909999847412109,7.079999923706055,56353900,0.02706553529012723,8.155000003178914,7.98571423121861
2022-11-09,6.980000019073486,7.184999942779541,6.949999809265137,7.119999885559082,42517300,-0.031900141172897745,8.123000001907348,7.727142810821533
2022-11-10,7.639999866485596,7.96999979019165,7.429999828338623,7.460000038146973,58579800,0.09455585180638959,8.108333333333333,7.582857131958008
2022-11-11,8.40999984741211,8.420000076293945,7.375,7.480000019073486,55324100,0.10078533957890157,8.117666657765707,7.609999929155622
2022-11-14,8.100000381469727,8.319999694824219,7.953000068664551,8.180000305175781,37402700,-0.03686081707097466,8.113000011444091,7.612857137407575
2022-11-15,8.34000015258789,8.470000267028809,8.154999732971191,8.449999809265137,34454100,0.029629599977206045,8.10900001525879,7.6714286123003275
2022-11-16,8.0600004196167,8.239999771118164,8.0,8.180000305175781,28436000,-0.033573108854717204,8.097000026702881,7.8200001035417825
2022-11-17,7.619999885559082,7.880000114440918,7.525000095367432,7.829999923706055,33746500,-0.054590634137776095,8.06866668065389,7.878571510314941
2022-11-18,7.389999866485596,7.789999961853027,7.309999942779541,7.760000228881836,27245200,-0.030183729990517105,8.043333355585734,7.9371429170881
2022-11-21,7.190000057220459,7.320000171661377,7.070000171661377,7.309999942779541,36605600,-0.027063574137823232,8.014333343505859,7.872857230050223
2022-11-22,7.21999979019165,7.25,6.980000019073486,7.179999828338623,27327800,0.004172424580312084,7.98700000445048,7.702857221875872
2022-11-23,7.369999885559082,7.420000076293945,7.119999885559082,7.25,24182900,0.020775637081209553,7.963666677474976,7.59857143674578
2022-11-25,7.28000020980835,7.339000225067139,7.190000057220459,7.320000171661377,10824400,-0.012211625121878122,7.937000020345052,7.4471428734915595
2022-11-28,7.159999847412109,7.400000095367432,7.150000095367432,7.230000019073486,19438000,-0.016483565788166232,7.924666674931844,7.318571363176618
2022-11-29,7.079999923706055,7.300000190734863,7.050000190734863,7.199999809265137,22150800,-0.01117317394007622,7.896000003814697,7.241428511483329
2022-11-30,7.5,7.510000228881836,7.0329999923706055,7.139999866485596,32745700,0.05932204531353924,7.8740000089009605,7.2571428162711005
2022-12-01,7.860000133514404,7.880000114440918,7.46999979019165,7.510000228881836,34424400,0.04800001780192065,7.8723333517710365,7.3528571128845215
2022-12-02,7.659999847412109,7.760000228881836,7.5,7.614999771118164,18794000,-0.025445328588419525,7.8596666812896725,7.415714263916016
2022-12-05,7.190000057220459,7.695000171661377,7.105000019073486,7.619999885559082,32158200,-0.061357676181995946,7.82300001780192,7.390000002724784
2022-12-06,6.989999771118164,7.195000171661377,6.880000114440918,7.190000057220459,32868100,-0.0278164512532163,7.78033332824707,7.348571368626186
2022-12-07,7.070000171661377,7.349999904632568,7.019999980926514,7.079999923706055,28351600,0.011444978993241817,7.727333339055379,7.3357142720903665
2022-12-08,7.119999885559082,7.269999980926514,6.940000057220459,7.099999904632568,23107700,0.007072095146209323,7.679000012079874,7.341428552355085
2022-12-09,7.110000133514404,7.190000057220459,7.03000020980835,7.059999942779541,23367300,-0.0014044595794108217,7.62933333714803,7.285714285714286
2022-12-12,7.289999961853027,7.309999942779541,7.090000152587891,7.110000133514404,22672400,0.025316431077146984,7.584333324432373,7.204285689762661
2022-12-13,7.5,7.96999979019165,7.489999771118164,7.730000019073486,41033800,0.028806589745659306,7.541333325703939,7.1814285687037875
2022-12-14,7.349999904632568,7.599999904632568,7.264999866485596,7.5,22653800,-0.020000012715657545,7.498000001907348,7.204285689762661
2022-12-15,7.010000228881836,7.297999858856201,7.010000228881836,7.170000076293945,25417100,-0.04625845988602484,7.457666667302449,7.207142898014614
2022-12-16,6.900000095367432,7.079999923706055,6.760000228881836,7.019999980926514,32655600,-0.0156918872928411,7.418333339691162,7.182857172829764
2022-12-19,6.349999904632568,6.829999923706055,6.320000171661377,6.800000190734863,41511600,-0.07971017146856652,7.365666675567627,7.072857175554548
2022-12-20,6.309999942779541,6.539999961853027,6.199999809265137,6.289999961853027,30215600,-0.006299206685632552,7.3420000076293945,6.958571434020996
2022-12-21,6.5,6.519999980926514,6.039999961853027,6.239999771118164,34408600,0.030110944365042913,7.318333339691162,6.845714296613421
2022-12-22,6.320000171661377,6.380000114440918,6.179999828338623,6.369999885559082,28066000,-0.02769228128286505,7.296333344777425,6.677142892565046
2022-12-23,6.289999961853027,6.300000190734863,6.070000171661377,6.269999980926514,20419000,-0.004746868511629088,7.251333347956339,6.5257143293108255
2022-12-27,6.0,6.21999979019165,5.920000076293945,6.150000095367432,34573300,-0.04610492267278066,7.171000019709269,6.381428582327707
2022-12-28,6.070000171661377,6.170000076293945,5.949999809265137,5.980000019073486,30096800,0.011666695276896233,7.1033333460489905,6.262857164655413
2022-12-29,6.400000095367432,6.525000095367432,6.099999904632568,6.099999904632568,42694200,0.05436571900717646,7.038666677474976,6.270000049046108
2022-12-30,6.420000076293945,6.420000076293945,6.190000057220459,6.190000057220459,27830900,0.003124996973201677,6.983999999364217,6.28571435383388
2023-01-03,6.389999866485596,6.639999866485596,6.275000095367432,6.579999923706055,29969900,-0.004672929821157856,6.9429999987284345,6.270000049046108
2023-01-04,6.579999923706055,6.675000190734863,6.369999885559082,6.480000019073486,31660500,0.029733968887382112,6.9160000006357825,6.307142870766776
2023-01-05,6.320000171661377,6.489999771118164,6.25,6.449999809265137,34186000,-0.03951364058652418,6.88700000445048,6.311428615025112
2023-01-06,6.400000095367432,6.449999809265137,6.090000152587891,6.400000095367432,30596400,0.012658215432457043,6.8596666812896725,6.368571485791888
2023-01-09,6.5,6.670000076293945,6.400000095367432,6.489999771118164,31028900,0.015624984866008385,6.8306666851043705,6.430000032697405
2023-01-10,6.699999809265137,6.71999979019165,6.489999771118164,6.5,28236600,0.030769201425405734,6.811333338419597,6.4728571346827914
2023-01-11,6.980000019073486,6.989999771118164,6.760000228881836,6.840000152587891,25936700,0.04179107728050213,6.805333344141642,6.5528571265084405
2023-01-12,7.010000228881836,7.050000190734863,6.78000020980835,7.010000228881836,30152500,0.004298024316099047,6.803000020980835,6.64142860685076
2023-01-13,6.960000038146973,7.010000228881836,6.809999942779541,6.840000152587891,20981000,-0.007132694593768751,6.785000022252401,6.695714337485177
2023-01-17,7.070000171661377,7.150000095367432,6.730000019073486,6.989999771118164,30910300,0.015804616797630233,6.758666690190633,6.802857194628034
2023-01-18,6.900000095367432,7.300000190734863,6.880000114440918,7.15500020980835,32743400,-0.02404527187642158,6.733333365122477,6.874285766056606
2023-01-19,6.730000019073486,6.894999980926514,6.670000076293945,6.800000190734863,24841700,-0.02463769187598719,6.718000030517578,6.907142911638532
2023-01-20,7.019999980926514,7.059999942779541,6.71999979019165,6.760000228881836,28751700,0.043090633139842405,6.71900003751119,6.952857221875872
2023-01-23,7.380000114440918,7.409999847412109,6.991000175476074,7.03000020980835,31633300,0.05128207044053168,6.729333368937175,7.010000092642648
2023-01-24,7.019999980926514,7.420000076293945,7.0,7.0,22649500,-0.04878050513982635,6.726000038782756,7.01142862864903
2023-01-25,7.21999979019165,7.269999980926514,6.690000057220459,6.920000076293945,37147900,0.028490001397228015,6.7296666940053305,7.048571450369699
2023-01-26,7.239999771118164,7.449999809265137,7.039999961853027,7.369999885559082,28005600,0.0027700805412327334,6.728000020980835,7.072857107434954
2023-01-27,7.550000190734863,7.730000019073486,7.139999866485596,7.190000057220459,37555200,0.04281773886973794,6.7296666940053305,7.165714263916016
2023-01-30,7.369999885559082,7.610000133514404,7.360000133514404,7.5,28567800,-0.02384109942098711,6.730333360036214,7.2571428162711005
2023-01-31,7.78000020980835,7.820000171661377,7.380000114440918,7.409999847412109,40984000,0.05563098108761566,6.756000026067098,7.365714277539935
2023-02-01,8.199999809265137,8.220000267028809,7.679999828338623,7.730000019073486,50123700,0.05398452289593614,6.799333349863688,7.4828570910862515
2023-02-02,8.989999771118164,9.210000038146973,8.470000267028809,8.510000228881836,71889700,0.09634146100350027,6.887333345413208,7.764285632542202
